Code Article;Désignation courte article;Stock
ACCACPEIGNROU;;0
ACCAMFICHE75P;;0
ACCAMFICHE76B;;0
ACCAMU200-4.5;;5
ACCAMU200-6.5;;-1
ACCAMU200-6CM;;0
ACCAMU200-7CM;;6
ACCAMU400-4.5;;0
ACCAMU400-6.5;;27
ACCAMU400-6CM;;25
ACCAMU400-7CM;;19
ACCAMU402P5.5;;34
ACCAMU402P5CM;;20
ACCAMU402P6CM;;20
ACCAMU402P7CM;;-5
ACCAMU407P5CM;;22
ACCAMU407P6CM;;23
ACCAMU407P7CM;;8
ACCAMU45P-4.5;;-25
ACCBBCAPESNOI;;1
ACCBBCAPESRAY;;1
ACCBBMEUBLBOI;;4
ACCBBTABLIGTL;;1
ACCBBTABLIWWL;;3
ACCCRPEIGNNOI;;0
ACCELBOLCLIMG;;4
ACCELBOLCLNOI;;20
ACCELPINCEIMG;;0
ACCELPINCENOI;;10
ACCELPINCEPET;;22
ACCELPINCESIL;;32
ACCELPOCHBNOI;;10
ACCELPRSTBNOI;;11
ACCELSACECNOI;;256
ACCELSERVIBLA;;36
ACCERBOLCLNOI;;4
ACCERMEUBLMET;;1
ACCERPEIGNNOI;;6
ACCERPINCENOI;;0
ACCERPINCSNOI;;7
ACCERPRSTBNOI;;27
ACCES4BRANFER;;-19
ACCESBIGOUBLE;;-5
ACCESBIGOUROU;;1
ACCESBROSSN01;;-33
ACCESBROSSN02;;-11
ACCESBROSSN03;;-26
ACCESBROSSN04;;-29
ACCESBROSSN05;;-23
ACCESPEIGNBLA;;0
ACCEVBONUISAT;;-5
ACCEVFOULADOR;;-3
ACCEVFOULANOI;;0
ACCGLSPMTA125;;46
ACCGLSPMTO125;;46
ACCGLSPRAM125;;34
ACCGLSPRAR125;;15
ACCGLSPRAY125;;24
ACCKIFILMT30C;;30
ACCKIPINCCNOI;;6
ACCKLBOLCLKIT;;8
ACCKLPEIGNNOI;;6
ACCKLSACECBLA;;138
ACCKMBOLCLNOI;;13
ACCKMCARNTGRD;;17
ACCKMDISTRKIT;;2
ACCKMDISTRMEC;;0
ACCKMDOSER150;;12
ACCKMEPLOP025;;3
ACCKMEPLOP040;;2
ACCKMMEUBLPLA;;0
ACCKMPAPME200;;3
ACCKMPEIGNNOI;;16
ACCKMPINCEGRD;;14
ACCKMPINCEPET;;8
ACCKMPRSTBNOI;;2
ACCKMVAPORNOI;;12
ACCLP4BRANMET;;12
ACCLPBIGOU016;;24
ACCLPCAPEBBLA;;5
ACCLPCAPEBBOR;;3
ACCLPPAPIEPTE;;12
ACCLPPICBG050;;22
ACCLPPINCCNOI;;5
ACCLZBONMEMAR;;4
ACCMSREHAU202;;-10
ACCOGBLENB065;;4
ACCOGBLENB5CM;;5
ACCSS4BRAN100;;11
ACCSS4BRAN20P;;49
ACCSSALU1215C;;0
ACCSSALU1512B;;25
ACCSSALU1512O;;7
ACCSSALU1512R;;17
ACCSSALU1515C;;74
ACCSSALU1530C;;31
ACCSSBALAICAO;;3
ACCSSBALAIJAU;;6
ACCSSBALAIKIT;;-1
ACCSSBIGOMD24;;9
ACCSSBIGOMD32;;11
ACCSSBIGOPBLE;;51
ACCSSBIGOPNOI;;37
ACCSSBIGOU016;;-1
ACCSSBOCHB11C;;12
ACCSSBOCHB9CM;;12
ACCSSBOCHM11C;;12
ACCSSBOCHM9CM;;12
ACCSSBONMEBLE;;13
ACCSSBONMEMAR;;1
ACCSSBONPMNOI;;1
ACCSSBONPMPLA;;5
ACCSSBONSHALU;;1
ACCSSBOUCH11C;;-1
ACCSSBOUCH9CM;;4
ACCSSBOUCHLNG;;24
ACCSSBRACENOI;;26
ACCSSCARCAAVC;;22
ACCSSCARCASSC;;22
ACCSSCARNTGRD;;5
ACCSSELAST012;;16
ACCSSELASTCAO;;20
ACCSSELASTNOI;;12
ACCSSELASTSIL;;29
ACCSSEPLIB045;;2
ACCSSEPLIB065;;3
ACCSSEPLIN045;;14
ACCSSEPLIN065;;0
ACCSSEPONB045;;10
ACCSSEPONB065;;0
ACCSSFILMN30C;;28
ACCSSFILMT15C;;6
ACCSSFILMT30C;;24
ACCSSPALLENOI;;6
ACCSSPAPIEPTE;;46
ACCSSPAPME25C;;9
ACCSSPAPME30C;;15
ACCSSPAPME40C;;8
ACCSSPICEN070;;8
ACCSSPICEN170;;0
ACCSSPICEN190;;0
ACCSSPICENCOL;;8
ACCSSPICENPLA;;0
ACCSSPINCEBIZ;;4
ACCSSPINCEGRD;;9
ACCSSPINCELAR;;10
ACCSSPINCE-XL;;20
ACCSSPINCS11C;;13
ACCSSPINCSCOL;;18
ACCSSPINCSLNG;;-2
ACCSSPINCSMIX;;2
ACCSSPINCSNOI;;2
ACCSSPINCSPET;;-4
ACCSSU402B065;;16
ACCSSU402B5CM;;9
ACCXXALUMIROL;;0
ACCXXANNEABTE;;-127
ACCXXBALAICOU;;-23
ACCXXBIGOUCRL;;-90
ACCXXBIGOUMOU;;-1
ACCXXBIGOUVEL;;-12
ACCXXBONMESIL;;-51
ACCXXBONUINOI;;-2
ACCXXBOUCHLNG;;1
ACCXXBOUCHRND;;-53
ACCXXBROSPNOI;;-3
ACCXXCARCAATR;;11
ACCXXCARCAAUT;;3
ACCXXDOSER200;;-14
ACCXXDOSER230;;7
ACCXXELASTBIG;;-78
ACCXXELASTCHG;;0
ACCXXEPGPRASP;;-2
ACCXXEPGPRSSP;;-83
ACCXXFILMT30C;;50
ACCXXFRANGCHC;;0
ACCXXMECHEFAN;;-2
ACCXXPAPIEPTE;;-75
ACCXXPAPMEGRD;;-3
ACCXXPAPMEPET;;5
ACCXXPEIGNENF;;-17
ACCXXPEIGNLEO;;58
ACCXXPEIGNUNI;;0
ACCXXPEIGNZEB;;0
ACCXXPICENPLA;;-2
ACCXXPINCBMUL;;-51
ACCXXPINCBNOI;;-162
ACCXXPINCCFER;;-18
ACCXXPINCCMUL;;12
ACCXXPINCEKIT;;-16
ACCXXPINCSLNG;;-37
ACCXXPOUDRPAI;;-4
ACCXXREHAULAR;;18
ACCXXREPSCTRS;;2
ACCXXROULM012;;-74
ACCXXSPRAM125;;3
ACCXXSPRAR050;;1
ACCXXSPRAR125;;-1
ACCXXSPRAY125;;-4
ACCXXTABLIGRI;;22
ACCXXTABLINOI;;-2
ACCXXTWISTLAR;;7
ACCXXTWISTPET;;-3
BIJCOI;;1
CAPPRC;;-18
CCFACCURLS300;;108
CCFACCURLY200;;5
CCFBBBARBE050;;2
CCFBBCOLORBRF;;27
CCFBBCOLORNOI;;18
CCFBBEXTRA100;;36
CCFELAF100100;;62
CCFELAFX04150;;44
CCFELAFX06125;;0
CCFELAFX40100;;2
CCFELAFX55100;;6
CCFELAFX70100;;100
CCFELAFX79150;;22
CCFELAFX80001;;11
CCFELAFX83150;;12
CCFELAFX88200;;13
CCFELAFX99200;;-1
CCFELIMPUR150;;13
CCFELMANBB040;;2
CCFELMNGEL150;;142
CCFELMNPOM100;;2
CCFELMWWAX100;;0
CCFERM33--100;;26
CCFER-S03-300;;9
CCFERS04CW100;;4
CCFER-S05-100;;29
CCFERS07EG150;;15
CCFERS33--150;;53
CCFERS35EG100;;3
CCFEVBAUME150;;0
CCFKGBCOCO200;;36
CCFKGCCRIC200;;0
CCFKGCCRIC250;;0
CCFKGKGGAV200;;9
CCFKGKGGMO200;;6
CCFKLAFLAF125;;35
CCFKLAFLFL125;;33
CCFKLAFROH250;;124
CCFKLAFROL100;;5
CCFKLAFROR250;;165
CCFKLBRIZO100;;11
CCFKLDYVAC250;;161
CCFKLEXTRA100;;27
CCFKLEXTRA200;;8
CCFKLMETAL100;;2
CCFKLPEACH500;;5
CCFKLSWING100;;23
CCFKMADRNL200;;17
CCFKMAFTER100;;5
CCFKMFIXGU100;;12
CCFKMHELMG150;;4
CCFKMHICUR200;;736
CCFKMHMCTR200;;536
CCFKMHMCUR200;;225
CCFKMMANYASPR;;12
CCFKMMATEF100;;2
CCFKMRAING150;;7
CCFKMRASER125;;3
CCFKMSCULP250;;42
CCFKMSMODG100;;0
CCFKMSSHPC150;;1
CCFKMZEROG100;;16
CCFKRKARIT100;;1
CCFLPEXTRA125;;-1
CCFLPMODEL125;;1
CCFLPSHINE125;;3
CCFLVHARDG100;;1
CCFLVJAZZG250;;1
CCFLVTEXTS100;;1
CCFOPTOYPA050;;5
CCFSFSTLGL250;;8
CCFSWMACAD250;;7
CHXPRDREADPAQ;;-34
CHXXXEXTENCHD;;-921
CHXXXEXTENFRD;;-1
CHXXXEXTENKIT;;2
CHXXXEXTENPAQ;;-21
COLAC03/43060;;0
COLAC04/43060;;0
COLACM1VIO060;;0
COLEL00/00125;;30
COLEL01/11125;;15
COLEL04/03125;;19
COLEL04/07125;;12
COLEL04/81125;;57
COLEL04/85125;;14
COLEL04/88125;;10
COLEL05/00125;;17
COLEL05/01125;;14
COLEL05/03125;;3
COLEL05/05125;;19
COLEL05/06125;;14
COLEL05/09125;;12
COLEL05/11125;;10
COLEL05/55125;;13
COLEL05/61125;;0
COLEL05/81125;;37
COLEL05/82125;;12
COLEL05/85125;;17
COLEL05/88125;;11
COLEL06/00125;;31
COLEL06/01125;;7
COLEL06/03125;;8
COLEL06/04125;;17
COLEL06/05125;;16
COLEL06/07125;;15
COLEL06/09125;;12
COLEL06/11125;;12
COLEL06/38125;;50
COLEL06/41125;;11
COLEL06/55125;;14
COLEL06/57125;;23
COLEL06/81125;;13
COLEL06/85125;;24
COLEL06/88125;;12
COLEL07/00125;;15
COLEL07/01125;;5
COLEL07/03125;;5
COLEL07/09125;;13
COLEL07/11125;;18
COLEL07/38125;;10
COLEL07/43125;;1
COLEL07/44125;;8
COLEL07/54125;;14
COLEL07/55125;;19
COLEL07/81125;;41
COLEL07/82125;;12
COLEL07/85125;;17
COLEL07/88125;;12
COLEL08/00125;;27
COLEL08/01125;;11
COLEL08/03125;;9
COLEL08/09125;;12
COLEL08/11125;;17
COLEL08/17125;;10
COLEL08/27125;;13
COLEL08/31125;;12
COLEL08/34125;;1
COLEL08/43125;;15
COLEL09/00125;;14
COLEL09/01125;;9
COLEL09/03125;;3
COLEL09/09125;;12
COLEL09/11125;;14
COLEL09/17125;;13
COLEL09/27125;;8
COLEL09/31125;;8
COLEL09/42125;;1
COLEL09/81125;;32
COLEL10/00125;;9
COLEL10/17125;;12
COLEL10/18125;;5
COLEL10/23125;;8
COLEL10/27125;;1
COLEL10/31125;;9
COLEL10/38125;;5
COLEL10/71125;;10
COLEL10011125;;12
COLEL10-03060;;9
COLEL10-04060;;7
COLEL10-05060;;22
COLEL10-06060;;17
COLEL10-07060;;16
COLEL10-09060;;16
COLEL10105125;;16
COLEL10107125;;5
COLEL10112125;;5
COLEL10377060;;5
COLEL104CH060;;22
COLEL105.1060;;11
COLEL105.3060;;15
COLEL105.5060;;24
COLEL105CH060;;6
COLEL105MK060;;8
COLEL106CH060;;13
COLEL107.3060;;18
COLEL11/01125;;20
COLEL12/00125;;5
COLEL12/01125;;13
COLEL12/11125;;7
COLEL12/13125;;5
COLEL12/17125;;15
COLEL12/72125;;15
COLEL901--125;;12
COLEL977--125;;9
COLELANROS125;;12
COLELARANC125;;23
COLELBLEU-125;;10
COLELC0.0-100;;24
COLELC1.1-100;;7
COLELC10.0100;;12
COLELC10.1100;;16
COLELC10.3100;;16
COLELC10--100;;15
COLELC1027100;;9
COLELC1031100;;8
COLELC11.0100;;20
COLELC1---100;;20
COLELC1111100;;7
COLELC1127100;;13
COLELC1171100;;7
COLELC3---100;;29
COLELC4.0-100;;17
COLELC4.7-100;;5
COLELC4.8-100;;16
COLELC4---100;;49
COLELC5.0-100;;11
COLELC5.1-100;;14
COLELC5.3-100;;15
COLELC5.4-100;;25
COLELC5.5-100;;11
COLELC5.6-100;;10
COLELC5.7-100;;8
COLELC5.8-100;;27
COLELC5.81100;;19
COLELC5---100;;1
COLELC6.0-100;;45
COLELC6.1-100;;15
COLELC6.11100;;12
COLELC6.27100;;46
COLELC6.3-100;;9
COLELC6.44100;;11
COLELC6.45100;;2
COLELC6.5-100;;12
COLELC6.55100;;5
COLELC6.8-100;;17
COLELC6.81100;;25
COLELC6---100;;21
COLELC7.0-100;;0
COLELC7.1-100;;17
COLELC7.11100;;14
COLELC7.27100;;27
COLELC7.3-100;;5
COLELC7.31100;;8
COLELC7.4-100;;2
COLELC7.43100;;7
COLELC7.44100;;9
COLELC7.45100;;14
COLELC7.55100;;17
COLELC7.8-100;;11
COLELC7.81100;;14
COLELC7---100;;4
COLELC8.0-100;;12
COLELC8.04100;;8
COLELC8.1-100;;11
COLELC8.11100;;18
COLELC8.27100;;17
COLELC8.3-100;;6
COLELC8.31100;;4
COLELC8.34100;;13
COLELC8.4-100;;9
COLELC8.8-100;;15
COLELC8---100;;10
COLELC9.0-100;;23
COLELC9.1-100;;4
COLELC9.11100;;8
COLELC9.27100;;9
COLELC9.3-100;;8
COLELC9.31100;;8
COLELC9.33100;;11
COLELC9---100;;24
COLELCLCRM125;;12
COLELD1.1-100;;16
COLELD1---100;;46
COLELD3---100;;30
COLELD4.6-100;;12
COLELD4.7-100;;17
COLELD4.83100;;21
COLELD4.8M100;;48
COLELD4---100;;50
COLELD5.01100;;19
COLELD5.1-100;;4
COLELD5.2-100;;4
COLELD5.3-100;;16
COLELD5.5-100;;7
COLELD5.55100;;12
COLELD5.6-100;;12
COLELD5.7-100;;14
COLELD5.83100;;11
COLELD5.88100;;8
COLELD5.8M100;;20
COLELD5---100;;33
COLELD6.01100;;15
COLELD6.1-100;;12
COLELD6.2-100;;14
COLELD6.3-100;;19
COLELD6.4-100;;0
COLELD6.44100;;15
COLELD6.5-100;;11
COLELD6.83100;;9
COLELD6.88100;;25
COLELD6.8M100;;26
COLELD6---100;;33
COLELD7.01100;;13
COLELD7.1-100;;7
COLELD7.2-100;;3
COLELD7.3-100;;6
COLELD7.4-100;;8
COLELD7.44100;;39
COLELD7.83100;;22
COLELD7.88100;;15
COLELD7.8M100;;22
COLELD7---100;;33
COLELD8.01100;;15
COLELD8.1-100;;0
COLELD8.2-100;;16
COLELD8.3-100;;5
COLELD8.4-100;;5
COLELD8---100;;15
COLELD9.1-100;;10
COLELD9.2-100;;4
COLELD9.3-100;;21
COLELD907-100;;19
COLELD9---100;;30
COLELD911-100;;34
COLELD923-100;;17
COLELG1001100;;12
COLELG102-100;;6
COLELG104-100;;10
COLELG107-100;;8
COLELG11.2100;;0
COLELG3.7-100;;7
COLELG4.6-100;;4
COLELG7.01100;;3
COLELG9.01100;;7
COLELGM5.1100;;16
COLELGM5.3100;;12
COLELGM5.4100;;9
COLELGM5.5100;;9
COLELGM6.1100;;5
COLELGM6.3100;;6
COLELGM6.4100;;17
COLELGM6.5100;;6
COLELGM7.1100;;6
COLELGM7.3100;;5
COLELGM7.4100;;4
COLELIC/03200;;12
COLELIC/04200;;7
COLELIC/0425G;;0
COLELIC/06200;;16
COLELIC/08200;;8
COLELIC/0825G;;0
COLELIC/17200;;12
COLELIC/23200;;10
COLELIC/34200;;14
COLELIC/44200;;11
COLELIC/55200;;10
COLELIC/5525G;;0
COLELIC/56200;;12
COLELIC/5625G;;21
COLELIC/77200;;15
COLELIC/7725G;;18
COLELIC026200;;11
COLELIC057200;;13
COLELIC071200;;9
COLELIC111200;;5
COLELIC11125G;;0
COLELIC991200;;6
COLELILFDA200;;18
COLELILFPA200;;19
COLELILFVI200;;25
COLELILNCA100;;4
COLELILNCO100;;13
COLELILNES100;;9
COLELILNPB100;;19
COLELILNPY100;;35
COLELILPPR100;;10
COLELILT01100;;6
COLELILT03100;;31
COLELILT04100;;0
COLELILT08100;;12
COLELILT15100;;6
COLELILTAQ100;;18
COLELILTHP100;;17
COLELILTSA100;;23
COLELILTSS100;;28
COLELILTUS100;;21
COLELILTVN100;;23
COLELILTWO100;;24
COLELIM100060;;14
COLELIM102060;;12
COLELIM111060;;7
COLELIM117060;;1
COLELIM127060;;1
COLELIM171060;;1
COLELIM555060;;11
COLELIM577060;;7
COLELIM583060;;14
COLELIM685060;;32
COLELIM713060;;9
COLELIM755060;;9
COLELIM781060;;13
COLELIM811060;;14
COLELIM901060;;11
COLELIM911060;;10
COLELIM927060;;11
COLELIMG10060;;14
COLELIMG30060;;10
COLELIMG40060;;15
COLELIMG5.060;;13
COLELIMG50060;;14
COLELIMG60060;;13
COLELIMG61060;;15
COLELIMG64060;;10
COLELIMG7.060;;3
COLELIMG70060;;10
COLELIMG73060;;7
COLELIMG80060;;12
COLELIMG82060;;12
COLELIMG84060;;8
COLELIMG90060;;14
COLELIMG93060;;25
COLELMAN02080;;2
COLELMAN04080;;0
COLELMAN05080;;9
COLELMAN07080;;13
COLELMAN11080;;7
COLELMANEB150;;12
COLELMANEC150;;9
COLELMANSI150;;7
COLELMECHE10M;;6
COLELMECHEGTD;;15
COLELMECHEGTF;;30
COLELMECHEGTN;;3
COLELMECHEICA;;0
COLELMECHEILT;;6
COLELMECHEIMG;;26
COLELMECHEM&S;;5
COLELMECHEMAC;;4
COLELMECHEMAN;;7
COLELMECHEMMS;;11
COLELNUM01125;;17
COLELNUM03125;;36
COLELNUM04125;;0
COLELNUM05125;;42
COLELNUM06125;;44
COLELNUM07125;;7
COLELNUM08125;;42
COLELNUM09125;;7
COLELNUM10125;;17
COLELROSSO125;;9
COLELVIOLT125;;22
COLER00/20100;;5
COLER11/10100;;2
COLER12/12100;;12
COLERB1100120;;12
COLERB1110120;;6
COLERB1111120;;17
COLERB1118120;;6
COLERB1120120;;7
COLERB1132120;;5
COLERB1142120;;10
COLERB1180120;;6
COLERCLC00100;;11
COLERCLC01100;;14
COLERCLC02100;;82
COLERCLC03100;;33
COLERCLC04100;;17
COLERCLC05100;;23
COLERCLC06100;;17
COLERCLC07100;;153
COLERCLC08100;;20
COLERCLC09100;;20
COLERCLC10100;;5
COLERCLC11100;;94
COLERCLC12100;;6
COLERE11/0120;;10
COLEREM.10120;;6
COLEREM10.120;;5
COLEREM10/120;;4
COLEREM101120;;10
COLEREM132120;;0
COLEREM180120;;21
COLEREM430120;;28
COLEREM462120;;6
COLEREM465120;;0
COLEREM466120;;12
COLEREM480120;;15
COLEREM503120;;12
COLEREM530120;;5
COLEREM534120;;12
COLEREM550120;;10
COLEREM559120;;7
COLEREM560120;;7
COLEREM561120;;10
COLEREM562120;;6
COLEREM565120;;0
COLEREM566120;;21
COLEREM590120;;7
COLEREM599120;;0
COLEREM601120;;12
COLEREM603120;;11
COLEREM610120;;5
COLEREM611120;;17
COLEREM612120;;11
COLEREM630120;;2
COLEREM634120;;0
COLEREM640120;;0
COLEREM659120;;11
COLEREM660120;;0
COLEREM661120;;12
COLEREM662120;;10
COLEREM665120;;0
COLEREM666120;;16
COLEREM680120;;1
COLEREM690120;;18
COLEREM699120;;0
COLEREM701120;;12
COLEREM703120;;10
COLEREM710120;;16
COLEREM711120;;17
COLEREM712120;;9
COLEREM730120;;3
COLEREM732120;;4
COLEREM734120;;2
COLEREM740120;;8
COLEREM744120;;3
COLEREM750120;;11
COLEREM759120;;12
COLEREM760120;;10
COLEREM761120;;12
COLEREM762120;;12
COLEREM765120;;5
COLEREM766120;;30
COLEREM780120;;7
COLEREM790120;;15
COLEREM799120;;0
COLEREM8/0120;;6
COLEREM801120;;12
COLEREM803120;;11
COLEREM810120;;12
COLEREM811120;;14
COLEREM812120;;12
COLEREM830120;;6
COLEREM832120;;15
COLEREM834120;;1
COLEREM840120;;12
COLEREM860120;;5
COLEREM866120;;4
COLEREM880120;;5
COLEREM9/0120;;17
COLEREM910120;;12
COLEREM911120;;13
COLEREM912120;;11
COLEREM932120;;16
COLEREM966120;;10
COLEREMM10120;;4
COLEREMM20120;;4
COLEREMM30120;;3
COLEREMM40120;;25
COLEREMM80120;;8
COLEREMM90120;;0
COLEREQ1/0120;;0
COLEREQJAU120;;19
COLEREQVIO120;;0
COLERGAM01200;;12
COLERGAM03200;;31
COLERGN500100;;0
COLERMECHEEQM;;3
COLERMX0/9100;;0
COLHRBELLA115;;3
COLHRBLANC115;;6
COLHRBLOOD115;;0
COLHRCYNTH115;;0
COLHRDAHLI115;;7
COLHRDAISY115;;4
COLHRFELIC115;;4
COLHRFIONA115;;-1
COLHRGILDA115;;9
COLHRHAILE115;;6
COLHRLYDIA115;;2
COLHRMAGGI115;;1
COLHRMARGE115;;2
COLHRMATHI115;;5
COLHRMECHECHT;;0
COLHRMILEY115;;9
COLHROLIVI115;;4
COLHRPASTY115;;0
COLHRPEGGY115;;0
COLHRPOLLY115;;0
COLHRROSEM115;;0
COLHRROSIE115;;11
COLHRRUBYR115;;-1
COLHRSCARL115;;0
COLHRSTELA115;;9
COLHRSYLVI115;;3
COLHRTAMMY115;;4
COLHRTARAT115;;2
COLHRTHELM115;;16
COLHRVERON115;;16
COLHRVICKY115;;13
COLKL05/00100;;0
COLKL10.1-100;;0
COLKL10---100;;0
COLKL1----100;;0
COLKL12.1-100;;0
COLKL2----100;;3
COLKL3----100;;0
COLKL4.26-100;;0
COLKL4----100;;0
COLKL5.1--100;;0
COLKL5.2--100;;0
COLKL5.3--100;;0
COLKL6.0--100;;0
COLKL6.35-100;;0
COLKL6----100;;0
COLKL7.0--100;;0
COLKL7.1--100;;0
COLKL7.77-100;;0
COLKL7----100;;0
COLKL77.44100;;0
COLKL8.0--100;;0
COLKL8.3--100;;0
COLKL8----100;;0
COLKL9.0--100;;0
COLKL9.1--100;;0
COLKL9----100;;0
COLKLBRONZ100;;1
COLKLCAFE-100;;1
COLKLCHOCO100;;0
COLKLF1025100;;2
COLKLFB1--100;;0
COLKLFE1--100;;0
COLKLFE2--100;;0
COLKLFE3--100;;0
COLKLFG1--100;;0
COLKLFM2--100;;0
COLKLFM4--100;;0
COLKLFP1--100;;0
COLKLFSILV100;;0
COLKLMAGTB100;;8
COLKLMAGTC100;;4
COLKLMAGTM100;;6
COLKLMAGTN100;;10
COLKLNOISE100;;1
COLKLSP128300;;11
COLKLSP901300;;2
COLKLSP902300;;17
COLKMGREYMKIT;;2
COLKMMECHE100;;9
COLKMS.12-100;;35
COLKMS.13-100;;32
COLKMS.3--100;;39
COLKMS1.11100;;28
COLKMS10.1100;;15
COLKMS10.3100;;65
COLKMS100-100;;38
COLKMS10--100;;40
COLKMS1013100;;58
COLKMS1---100;;97
COLKMS110-100;;37
COLKMS113-100;;58
COLKMS121-100;;24
COLKMS3---100;;71
COLKMS4.20100;;31
COLKMS4.35100;;76
COLKMS4.45100;;60
COLKMS4.65100;;59
COLKMS4---100;;82
COLKMS5.1-100;;30
COLKMS5.20100;;19
COLKMS5.3-100;;31
COLKMS5.35100;;31
COLKMS5.4-100;;42
COLKMS5.41100;;32
COLKMS5.5-100;;43
COLKMS5.60100;;20
COLKMS5.66100;;38
COLKMS5---100;;30
COLKMS6.1-100;;42
COLKMS6.13100;;70
COLKMS6.3-100;;11
COLKMS6.32100;;24
COLKMS6.34100;;45
COLKMS6.4-100;;36
COLKMS6.41100;;37
COLKMS6.46100;;45
COLKMS6.60100;;33
COLKMS6.64100;;31
COLKMS6.66100;;33
COLKMS6---100;;41
COLKMS7.1-100;;10
COLKMS7.13100;;45
COLKMS7.3-100;;40
COLKMS7.32100;;8
COLKMS7.35100;;38
COLKMS7.40100;;42
COLKMS7.4-100;;27
COLKMS7.45100;;39
COLKMS7.66100;;36
COLKMS7---100;;29
COLKMS8.04100;;10
COLKMS8.1-100;;10
COLKMS8.13100;;28
COLKMS8.3-100;;33
COLKMS8.32100;;37
COLKMS8.34100;;77
COLKMS8.40100;;63
COLKMS8---100;;32
COLKMS9.1-100;;21
COLKMS9.13100;;7
COLKMS9.3-100;;42
COLKMS9---100;;25
COLKMSMCDR100;;10
COLKMSMCUI100;;46
COLKMSMDOR100;;36
COLKMSMRED100;;46
COLKMYOCHO250;;0
COLKMYOCUV250;;0
COLKMYOLIL250;;0
COLKMYOMAG250;;0
COLKMYOMIL250;;0
COLKMYOROS250;;0
COLKMYOROU250;;0
COLKMYOSIL250;;0
COLKMYOVIO250;;0
COLKS01/00100;;0
COLKS01/01100;;-2
COLKS03/00100;;10
COLKS04/00100;;4
COLKS04/02100;;5
COLKS04/03100;;3
COLKS04/07100;;-5
COLKS04/77100;;11
COLKS05/00100;;4
COLKS05/02100;;3
COLKS05/03100;;6
COLKS05/04100;;1
COLKS05/06100;;7
COLKS05/07100;;1
COLKS05/35100;;5
COLKS05/56100;;4
COLKS05/62100;;0
COLKS05/66100;;3
COLKS05/77100;;3
COLKS06/00100;;9
COLKS06/01100;;3
COLKS06/02100;;0
COLKS06/03100;;-1
COLKS06/04100;;6
COLKS06/06100;;2
COLKS06/07100;;5
COLKS06/34100;;8
COLKS06/44100;;1
COLKS06/62100;;1
COLKS06/66100;;0
COLKS06/77100;;3
COLKS07/00100;;14
COLKS07/01100;;0
COLKS07/03100;;-1
COLKS07/04100;;8
COLKS07/07100;;1
COLKS07/43100;;8
COLKS07/44100;;4
COLKS08/00100;;1
COLKS08/01100;;5
COLKS08/03100;;1
COLKS08/04100;;14
COLKS08/13100;;1
COLKS09/00100;;3
COLKS09/01100;;9
COLKS09/03100;;3
COLKS09/13100;;6
COLKS10/00100;;14
COLKS10/01100;;6
COLKS10/03100;;0
COLKS11/00100;;-1
COLKS12/00100;;3
COLKS12/01100;;0
COLKS12/08100;;3
DECACRADBL500;;9
DECCAPOUDR100;;0
DECEL9TONS050;;20
DECEL9TONS500;;53
DECELAMNFR050;;0
DECELAMNFR500;;22
DECELBLEU-050;;15
DECELCREAM500;;4
DECELEXTRA500;;13
DECELMOODB500;;0
DECELULVIO500;;10
DECELVIOLT050;;13
DECELWHITE500;;7
DECELWHITP500;;0
DECERGAM30500;;10
DECERGAM35500;;4
DECERGAM40150;;4
DECERGOBLD500;;20
DECHRBLEU-050;;0
DECHRPOUDRKIT;;2
DECKGBLEU-35G;;0
DECKLBLOND020;;0
DECKLBLOND250;;0
DECKLHUILE500;;4
DECKLSPCBL400;;136
DECKLSPCBLKIT;;1
DECKMSDECO1KG;;20
DECSSPOUDR100;;456
DEFACLISBRKIT;;0
DEFERMKM60300;;4
DEFERMKM70200;;48
DEFERMKM90300;;12
DEFKLAFROL250;;38
DEFKLLISSA500;;3
DEFKLPROK11LT;;14
DEFKLPROK1KIT;;3
DEFKLPROK21LT;;21
DEFKLPROK31LT;;16
DEFKLSILK1250;;14
DEFKLSILK2250;;8
DEFKLSILK3250;;18
DEFKLSILKMKIT;;0
DEFKMCTINTKIT;;4
DEFKMCTLIGKIT;;2
DEFKMHOMECKIT;;15
DEFKMLISS1KIT;;12
DEFKMLISS2KIT;;11
DEFKMLISSNKIT;;3
DEFKRDOUX-4.5;;3
DEFKRREGUL4.5;;0
DEFKRSUPER4.5;;-1
DEFMOREGUL2LT;;31
DEFMOSUPER2LT;;26
DEFMOSUPER425;;0
DEFOLREGUL2LT;;0
DEFOLSUPER2LT;;0
DEFORREGUL2LT;;0
DEFORSUPER2LT;;-1
DEMACCURLY250;;0
DEMBBFRESH330;;16
DEMCADEMEL250;;10
DEMELARGAN150;;12
DEMELARGAN250;;0
DEMELARGAN750;;16
DEMELDLWCC300;;0
DEMELKERAT250;;42
DEMELKERAT750;;3
DEMELQUENC5LT;;18
DEMELSUBLI250;;17
DEMERBIOME200;;16
DEMERBIOME500;;3
DEMERBSSMT1LT;;21
DEMERBSSMT200;;13
DEMERBSSMT200;;0
DEMERBSSMT250;;50
DEMERCOLCA200;;19
DEMERDETOX200;;12
DEMERKERAT1LT;;3
DEMERKERAT250;;64
DEMERN16NU500;;5
DEMERNUTRI1LT;;10
DEMERNUTRI200;;19
DEMERNUTRI500;;14
DEMERREPAI200;;25
DEMERSILVR200;;9
DEMERWHITE1LT;;9
DEMEVHYDRA250;;0
DEMKLARGSB500;;5
DEMKLBAMBO1LT;;47
DEMKLBAMBO4LT;;101
DEMKLKERAT1LT;;5
DEMKLKERAT250;;6
DEMKLMACAD1LT;;1
DEMKMSCOLH1LT;;215
DEMKMSFRZH1LT;;27
DEMKMSFRZH350;;22
DEMOPSILKM150;;36
DEMOTPROTE1LT;;-10
DEMOTPROTE5LT;;0
DEPCHE;;0
DIAD;;-155
DVRACHUILE200;;50
DVRBBAFTER150;;10
DVRBBOUTLI150;;-2
DVRBBPORTC-XL;;20
DVRBBTSHUNNOI;;3
DVRBYCRAYO012;;10
DVRCADTACH250;;11
DVRCADTACH500;;10
DVRELARGANBOX;;0
DVRELARGANKIT;;12
DVRELBOUGI001;;45
DVRELCAPESNOI;;34
DVRELCHALEBLE;;18
DVRELECHTL010;;1095
DVRELHUILE100;;4
DVRELIMOIL050;;8
DVRELIMSHI320;;4
DVRELPOSTRBAR;;44
DVRELPOSTRGTN;;7
DVRELPOSTRHHP;;29
DVRELPOSTRTEC;;20
DVRELREANIKIT;;1
DVRELSACECPLG;;28
DVRELSUBLIBOX;;7
DVRELSUBLIKIT;;16
DVRELSUNCA100;;14
DVRELTSHFMLAR;;0
DVRELTSHFMMOY;;0
DVRELTSHFM-XL;;0
DVRELTSHOMLAR;;0
DVRELTSHOMMOY;;0
DVRELTSHOM-XL;;0
DVRELYESCRECH;;2
DVRELYESHYKIT;;1
DVREPELXCR100;;0
DVRERBOITEAYV;;24
DVRERBOITEBIO;;21
DVRERBOITEBIS;;92
DVRERBOITECOL;;18
DVRERBOITECUL;;16
DVRERBOITEDTX;;19
DVRERBOITEHYD;;41
DVRERBOITENUT;;52
DVRERBOITEREP;;20
DVRERBOITESLM;;8
DVRERBOITESLR;;17
DVRERBOITEVOL;;15
DVRERCOOLCCHT;;6
DVRERCOOLCRNG;;-1
DVRERPOSTRCPL;;48
DVRERSACPLMOY;;62
DVRERSACPLPET;;83
DVRERTSHUNLAR;;2
DVREVBOOST060;;-104
DVREVRICIN120;;3
DVREVRICIN250;;0
DVREVRICIN500;;1
DVRFLPGBARNOI;;3
DVRFLPGCLANOI;;2
DVRFLPONCHNOI;;10
DVRKLARGAN070;;9
DVRKLARGAN150;;0
DVRKLBALAN5KG;;0
DVRKLCATAL001;;52
DVRKLKERATKIT;;0
DVRKLMACADKIT;;13
DVRKLPOMPE001;;165
DVRKLPOMPE1LT;;23
DVRKLPOSTRCPL;;63
DVRKLSEMIDKIT;;17
DVRKLTSHUNLAR;;0
DVRKMBALAN5KG;;4
DVRKMBOXHMNOI;;10
DVRKMCOUNT001;;5
DVRKMCURLYKIT;;1
DVRKMEXPOT243;;1
DVRKMGBHMC650;;1
DVRKMGBHMM650;;2
DVRKMGBKML550;;0
DVRKMHUILE100;;1
DVRKMMAGITFRE;;23
DVRKMPOSTR#17;;25
DVRKMPOSTR#21;;0
DVRKMPOSTR#22;;2
DVRKMPOSTR243;;15
DVRKMSACECACT;;21
DVRKMSACECCUI;;2
DVRKMSACECMAR;;2839
DVRKMTRICOACT;;0
DVRKMTSHFMMOY;;5
DVRKMTSHFM-XL;;5
DVRLPOUTLI100;;2
DVRLPWCAPENOI;;3
DVRRTHRGRW125;;0
DVRSSARGAN200;;10
DVRSSBALAN2KG;;2
DVRSSBALAN5KG;;0
DVRSSCAPEANOI;;4
DVRSSCAPEBBLA;;4
DVRSSCAPEBNOI;;6
DVRSSCAPECBLA;;8
DVRSSCAPECNOI;;13
DVRSSCAPEFBLA;;0
DVRSSCAPEFNOI;;3
DVRSSCAPENNOI;;4
DVRSSCAPESNOI;;5
DVRSSCAPFANOI;;1
DVRSSCAPFBNOI;;0
DVRSSCPMFC-XL;;12
DVRSSCPMPR-XL;;12
DVRSSCPMVL-XL;;12
DVRSSPGMEN-XL;;2
DVRSWCOCON100;;0
DVRSWJOJOB100;;4
DVRSWKARIT100;;0
DVRSWMACAD100;;10
DVRSWOLIVO100;;-8
DVRSWOLIVO250;;-12
DVRTRARGAN100;;0
DVRXXCAPESNOI;;-21
DVRXXCATALBAR;;0
DVRXXSACADDEC;;-160
DVRXXSACADDET;;0
DVRXXSACADHDD;;-2
DVRXXSACADKMH;;0
DVRXXSACADKRT;;-23
DVRXXSACADLIN;;-10
DVRXXSACADLKD;;-3
DVRXXSACADLKL;;-15
DVRXXSACADMAC;;-9
ELCACSPRAY180;;0
ELCBAFERFRPRO;;-2
ELCBBSHAVE3BL;;2
ELCBBTETCP3BL;;2
ELCCECASHTNOI;;3
ELCCECASOZBOL;;4
ELCCECASOZNOI;;0
ELCCECASQUNOI;;-1
ELCCEDJ4502.5;;1
ELCCEEGOBL2.5;;18
ELCCEFERLILAR;;12
ELCCEFX350NOI;;1
ELCCEGERMINEW;;3
ELCCEIONIC2.2;;-5
ELCCESILENNOI;;9
ELCCESIROC2.5;;27
ELCCESTERIPYR;;0
ELCCEWOW322.0;;15
ELCEMTONDENOI;;4
ELCGAFERLIPRO;;-1
ELCGAVAPEULAR;;0
ELCHTTONDEART;;4
ELCKIDIAVEFIN;;2
ELCKIFERFRD13;;4
ELCKIFERFRD22;;0
ELCKIFERFRD25;;0
ELCKIFERLILAR;;2
ELCKIFERLIMOY;;5
ELCKIFERLIPET;;3
ELCKIFERLI-XS;;3
ELCKIFUEL-FIN;;0
ELCKIGROVECOP;;1
ELCKIPOWERCOP;;1
ELCKISNOODCOP;;4
ELCKISNOODFIN;;4
ELCKITETCPCPD;;0
ELCKITETCPMND;;1
ELCKITETCPZEE;;2
ELCKITONDEFIN;;0
ELCKITONMNFIN;;2
ELCKIVROOMCOP;;0
ELCKLFERFRD25;;1
ELCKLTONDEFIN;;0
ELCLPFERCOD13;;1
ELCLPFERCOD19;;-1
ELCLPFERFR009;;1
ELCLPFERFRD13;;0
ELCLPFERFRD16;;0
ELCLPFERFRD19;;0
ELCLPSHAVE3BL;;1
ELCLPTONDSFIN;;2
ELCLPTONDSSLV;;1
ELCOGFERLINOI;;0
ELCOGPEIGLNOI;;1
ELCOGTONDECOP;;3
ELCORSTEAMNOI;;1
ELCPAE1421SFL;;0
ELCRETONDEPRO;;1
ELCSSSTERIBLA;;4
ELCTEFERFR30W;;1
ELCUKFERLINOI;;0
ELCULAIRDL1.6;;1
ELCULCASIRNOI;;0
ELCULCASQMNCP;;0
ELCULCASQMNOI;;0
ELCULCASQUNCP;;-2
ELCULCASQUNOI;;0
ELCULCASVANCP;;0
ELCULCASVANOI;;1
ELCULCOMPA2.2;;3
ELCULFERLIM2O;;5
ELCULFERLIMIN;;6
ELCULIMPAC2.2;;2
ELCULIONIC2.2;;3
ELCULTETCPHDC;;3
ELCULTETCPHDT;;3
ELCULTONDECOP;;2
ELCULTONDEFIN;;5
ELCULTONDEVSX;;1
ELCULTONDFCOP;;1
ELCULTONDSSXE;;1
ELCULTONDSVSX;;0
ELCULTONDSVX-;;0
FAUENF;;0
FIDEMA;;-52
FINACFIJIT500;;83
FINACFIJNO500;;62
FINACFIJPL500;;80
FINACFIJPL500;;0
FINACHGMTC150;;9
FINACMOUGV300;;13
FINEL10EN1050;;33
FINEL10EN1100;;1
FINEL10EN1150;;17
FINELAF101500;;32
FINELAFX00200;;54
FINELAFX11300;;0
FINELAFX22200;;10
FINELAFX37195;;0
FINELAFX39200;;14
FINELAFX40200;;11
FINELAFX50350;;8
FINELAFX55200;;19
FINELAFX67010;;7
FINELAFX70500;;19
FINELAFX80300;;0
FINELAFX90200;;1
FINELARGAN050;;25
FINELDDRYO010;;0
FINELDDRYO100;;0
FINELINFCB005;;0
FINELLUMRS300;;0
FINELLUMSI100;;46
FINELLUMSI200;;26
FINELYESHY150;;4
FINER-S01-150;;7
FINER-S02-300;;4
FINER-S10-500;;17
FINERS14--150;;29
FINER-S15-300;;6
FINER-S15-500;;0
FINERS19--150;;10
FINKLKERAT200;;14
FINKMDIAMO250;;18
FINKMDRMFP500;;7
FINKMDRMFX500;;7
FINKMPROTH200;;-1
FINLUPINK-366;;0
FINOLSPRAY472;;4
JETBBCAPES050;;2
JETBBSPRAY400;;91
JETBYCOUPF010;;14
JETDOBLNITGRD;;21
JETDOBLNITMOY;;21
JETDOBLNITPET;;8
JETDOLATEXGRD;;5
JETDOLTXNPGRD;;19
JETDOLTXNPMOY;;20
JETDOLTXNPPET;;45
JETDOLTXNP-XL;;19
JETDOVINYLGRD;;29
JETDOVINYLMOY;;15
JETDOVINYLPET;;55
JETDOVINYL-XL;;13
JETELCAPES050;;69
JETELHYDRO500;;14
JETELSERVIBLA;;4
JETELSERVINOI;;24
JETELSERVJBLA;;0
JETELSUCLE250;;10
JETERCAPES050;;23
JETERSERVINOI;;1
JETKLCAPES050;;23
JETKLSERVINOI;;26
JETKMCAPES050;;-1
JETKMHYDRO125;;19
JETKMHYDRO1LT;;29
JETKMPRTLU010;;17
JETKMSERVI001;;-8
JETKMSERVI5X1;;68
JETKMSERVIACT;;-9
JETKMSERVIBLA;;7
JETKMSERVINOI;;4
JETKMVISIE050;;10
JETLODISTRROL;;2
JETLODISTRSOP;;0
JETLODRAEXBLA;;9
JETLODRAEXBLE;;6
JETLOPASOPROL;;7
JETLOPATOIROL;;29
JETLOPATOLROL;;0
JETLPCOLERNOI;;0
JETORSERVINOI;;-3
JETPSSERVI5X8;;18
JETSSBLAPRLAR;;11
JETSSBLAPRMOY;;15
JETSSBLAPRPET;;24
JETSSBLAPR-XL;;11
JETSSBLATXGRD;;10
JETSSBLATXMOY;;9
JETSSBLATXPET;;6
JETSSBLNITGRD;;20
JETSSBLNITMOY;;20
JETSSBLNITPET;;20
JETSSCAPES020;;15
JETSSCAPES100;;19
JETSSCOLERROL;;7
JETSSCOLWTROL;;2
JETSSCOTON1KG;;38
JETSSHOUSP663;;7
JETSSLINGE100;;30
JETSSSERBBNOI;;17
JETSSSERVIBLA;;0
JETSSSERVINOI;;0
JETXXBLAPRPET;;0
JETXXBONMEJET;;-2
JETXXLINGE030;;-44
JETXXPEIGNNOI;;-15
JETXXPRTLU010;;-130
JETXXSERVINOI;;-46
KITPC;;0
KITTBP;;-4
MASCALISSA450;;7
MASELARGAN250;;34
MASELARGAN500;;16
MASELCFPH5500;;0
MASELCREAM500;;10
MASELIBLON200;;9
MASELIMGAB200;;12
MASELIMGAB500;;2
MASELPRIDI150;;13
MASELPRINU150;;25
MASELPRIRL200;;3
MASELPRISU150;;12
MASELPRPUR250;;28
MASELREANI300;;5
MASELREANI500;;2
MASELRFBRI100;;0
MASELRFBRI250;;5
MASELRFBRI300;;0
MASELRFBRI500;;3
MASELSUBLI500;;9
MASELSUNCA100;;2
MASELYESCR250;;6
MASELYESCR500;;15
MASELYESHY250;;17
MASELYESHY500;;7
MASERAYURV250;;24
MASERBIOME1LT;;21
MASERBIOME200;;20
MASERBSSMT150;;66
MASERBSSMT1LT;;31
MASERCOLCA1LT;;13
MASERCOLCA250;;17
MASERCURLS1LT;;4
MASERCURLS250;;17
MASERDETOX1LT;;9
MASERDETOX250;;20
MASERG25CA200;;2
MASERKERAT150;;23
MASERKERAT1LT;;20
MASERNUTRI1LT;;14
MASERNUTRI250;;11
MASERNUTRI500;;11
MASERREPAI250;;19
MASERSILVR1LT;;10
MASERSILVR250;;22
MASERVOLUM250;;13
MASERZ10RV150;;6
MASEVHYDRA300;;0
MASEVHYDRA500;;0
MASKFCURLY1KG;;0
MASKFRICIN1KG;;0
MASKGACAML1LT;;0
MASKGACAML500;;6
MASKGBCOCO1LT;;2
MASKGBCOCO500;;0
MASKGBTXAB500;;10
MASKGBTXBC500;;9
MASKGBTXDD1LT;;9
MASKGBTXDD500;;7
MASKGBTXXL1LT;;2
MASKGBTXXL500;;2
MASKGCCRIC500;;0
MASKGDDKAH500;;-1
MASKGFBIOT500;;8
MASKLARGSB500;;32
MASKLKERAT250;;16
MASKLKERAT500;;22
MASKLMACAD500;;6
MASKLMGFCH1LT;;0
MASKLMGFGR1LT;;1
MASKLMGFLE1LT;;1
MASKLMGFRA1LT;;1
MASKLMGFWA1LT;;1
MASKLMGFWH1LT;;1
MASKLSEMID250;;13
MASKLSENJA200;;1
MASKLSPCBL300;;10
MASKMANTIC150;;0
MASKMANTIC1LT;;0
MASKMBENEI050;;0
MASKMBENES050;;0
MASKMCURLY200;;5
MASKMDISCI1LT;;0
MASKMDISCI200;;0
MASKMLDCOL1KG;;0
MASKMNOURI1LT;;2
MASKMNOURI200;;6
MASKMNUTRZ150;;0
MASKMNUTRZ1LT;;0
MASKMPUREZ050;;0
MASKMRECON1LT;;0
MASKMRECON200;;0
MASKRFORTI4.5;;-1
MASKRFORTI500;;-2
MASOPARGAN200;;3
MASOPINCAR150;;7
MATARRASOINOI;;-1
MATBBPEIGEBAR;;16
MATBBRASOIDLX;;5
MATBBRASOIINX;;2
MATBBTATORINX;;9
MATBBTATORLAM;;10
MATBYBREXTPLA;;9
MATBYBRMOD115;;1
MATBYBRMOD122;;3
MATBYBRMOD203;;0
MATBYCISEANOI;;1
MATBYCOUPCNOI;;2
MATBYENSLU077;;2
MATBYSABOTSLV;;5
MATCBLAMES024;;3
MATCEAMPOU009;;12
MATCEDIFUSUNI;;24
MATCEPEIGEUNI;;24
MATCRTABLINOI;;-1
MATELCISEA5.5;;0
MATELCISEA6.0;;4
MATELCISED5.5;;0
MATELPEIGEIMG;;5
MATELPGDEMNOI;;2
MATELTABLINOI;;33
MATEOLAMES100;;23
MATERTABLINOI;;6
MATESMINUTNOI;;-8
MATESPGCOUNOI;;63
MATESPGDEMNOI;;30
MATESPGQUEFER;;-10
MATESPGQUENOI;;76
MATESPNEUMMOY;;0
MATEVCASQUNOI;;0
MATFELAMES010;;240
MATFERASOINOI;;1
MATFERASOISTR;;0
MATGILAMESB20;;-13
MATGILAMESPQ5;;23
MATHCPGDEMNOI;;53
MATHCPGQUEFER;;-12
MATHCPGQUENOI;;6
MATHEBROSCD19;;-1
MATHEBROSCD25;;-1
MATHEBROSCD32;;-1
MATHEBROSCD38;;-1
MATHEBROSCD45;;-2
MATHEBROSCD53;;-2
MATHMTETMABAR;;0
MATHMTETMAETA;;-27
MATJADIFUSUNI;;3
MATJARASOIJT1;;18
MATJRREPOSMET;;18
MATKIBROSCD19;;11
MATKIBROSCD25;;14
MATKIBROSCD32;;15
MATKIBROSCD43;;17
MATKIBROSCD53;;18
MATKIBROSCD65;;11
MATKIBROSDCOL;;-1
MATKIBROSDEXC;;1
MATKIBROSDNOI;;0
MATKIBRPRGKIT;;2
MATKICHDSENOI;;1
MATKICICOU8.0;;2
MATKICICOU9.0;;1
MATKICIPRO5.5;;2
MATKICIPRO6.5;;1
MATKICIPRO7.0;;3
MATKICISEABLE;;0
MATKICMAST5.5;;0
MATKICOPDE5.5;;1
MATKICOPLU5.5;;2
MATKICOPLU6.0;;4
MATKICSTDE5.5;;2
MATKICSTYL5.0;;4
MATKICSTYL5.5;;9
MATKICSTYL6.0;;3
MATKICTECH5.0;;2
MATKICTECH5.5;;3
MATKICTECH6.0;;3
MATKICTEDE5.5;;7
MATKIGOLD-5.5;;2
MATKIGOLDE5.5;;2
MATKIGOLUX5.5;;2
MATKIGOLUX6.0;;0
MATKIPEIGC509;;1
MATKIPEIGC515;;4
MATKIPEIGC519;;1
MATKIRASOICOL;;3
MATKIRASOIFRS;;12
MATKIRASOIPRO;;3
MATKISILLU5.5;;2
MATKIT-MAXD17;;0
MATKIT-MAXD28;;1
MATKLBLACK5.5;;2
MATKLBROSDCOL;;0
MATKLCISEA5.5;;3
MATKLCISED5.5;;0
MATKLPEIGEKIT;;11
MATKLYASUK5.0;;0
MATKLYASUK5.5;;9
MATKMBLAIRNOI;;2
MATKMBROSBBOI;;5
MATKMBROSSECO;;6
MATKMCHAUFBLA;;17
MATKMCHOREROS;;3
MATKMCISEA5.5;;1
MATKMCISEA7.0;;-1
MATKMCURLYNOI;;35
MATKMCUTCSNOI;;2
MATKMMINUTNOI;;9
MATKMPEIGEKIT;;13
MATKMTABLINOI;;8
MATLPBROSCD16;;0
MATLPBROSCD23;;0
MATLPBROSCD33;;0
MATLPBROSCD44;;0
MATLPBROSCD53;;0
MATLPBROSDNOI;;24
MATLPBROSFD25;;3
MATLPBROSFD31;;1
MATLPBROSFD43;;2
MATLPDIFUSREV;;6
MATLPMINUTBLA;;4
MATLPPGCLIROS;;12
MATLPPGCOUBRS;;10
MATLPPGQUEBRS;;7
MATLPPGQUEDEL;;12
MATLPRASOINOI;;2
MATLPTABLINOI;;2
MATLPTABLQNOI;;2
MATLPTETMA30C;;11
MATLPTHERMD12;;31
MATLPTHERMD17;;38
MATLPTHERMD23;;32
MATLPTHERMD28;;39
MATLPTHERMD32;;31
MATLPTHERMD37;;34
MATLPTHERMD43;;35
MATLPTHERMD60;;11
MATLPVAPOR150;;3
MATLPVAPORBRU;;8
MATMEPGCOUNOI;;9
MATMEPGQUENOI;;468
MATMPMIRORRND;;-1
MATMSAPCOUNOI;;2
MATMSAPCOUTRS;;11
MATMSBONDEUNI;;9
MATOGBROSCKIT;;5
MATOGCISEA5.0;;1
MATOGCISEA5.5;;1
MATOGCISEA6.0;;1
MATOGCISEA6.5;;2
MATOGCISED5.5;;2
MATOGCISGCROS;;0
MATOGMIRORRND;;8
MATOGPGQUENOI;;56
MATOGRASOIDOU;;10
MATOMBLAIRSOI;;-1
MATPLLAMES005;;4
MATPOBROSSPET;;-15
MATPOPGCOUNOI;;29
MATPOPGQUEFOU;;-14
MATPOPGQUENOI;;138
MATSDDIFUSUNI;;-6
MATSMLAMES245;;65
MATSMLAMESPQ5;;28
MATSSAMPOU15W;;6
MATSSAPCOUNOI;;10
MATSSBRIDGSNG;;12
MATSSBROSCD25;;8
MATSSBROSCD32;;7
MATSSBROSCD43;;3
MATSSBROSCD53;;10
MATSSBROSHBRC;;2
MATSSBROSRD25;;-1
MATSSBROSRD30;;2
MATSSBROSRD40;;4
MATSSBROSSCRP;;1
MATSSDIFUS12D;;12
MATSSDIFUSUNI;;7
MATSSLAMES010;;14
MATSSLAMES050;;8
MATSSMILECNOI;;10
MATSSMINUTNOI;;2
MATSSMIRDBNOI;;4
MATSSMIRORRCT;;8
MATSSPEIGCNOI;;2
MATSSPEIGE109;;6
MATSSPEIGE111;;10
MATSSPEIGE113;;15
MATSSPEIGELIS;;5
MATSSPEIGEMAH;;2
MATSSPNEUMGRD;;13
MATSSREPOSMUR;;5
MATSSSERVIBLA;;27
MATSSTETCPHDC;;2
MATSSTETCPVSX;;2
MATSSTETCPVX-;;2
MATSSVALISNOI;;-1
MATSSVALISRLC;;0
MATSURASOINOI;;2
MATSXBROSSRND;;-4
MATSXSANGL047;;3
MATSXSANGLRND;;-1
MATTGPEIGC660;;-11
MATTGPEIGC694;;-2
MATTGPEIGC711;;1
MATTGPEIGC820;;16
MATTORASOIKIT;;0
MATTRIPGQUBLE;;13
MATTRPGCOUBLE;;25
MATUKBROSDBOI;;13
MATUKDIFUSUNI;;9
MATUKPORTANOI;;4
MATUKPORTAVIO;;6
MATUKSACADBLE;;3
MATUKSACFLBLE;;0
MATUKSHOPPBLE;;8
MATULBRASCNOI;;0
MATULDIFUSCMP;;3
MATULDIFUSMRN;;2
MATULPIEDCNOI;;1
MATULSABOTHDC;;0
MATULSABOTMSX;;4
MATULSABOTVSX;;1
MATULSABOTVX-;;3
MATUPBRIDGSNG;;1
MATUPBRIDGUNI;;-1
MATUPBROSDD33;;1
MATUPBROSLD25;;1
MATXDLAMES2E1;;28
MATXDRASOIKIT;;47
MATXXAMPOU009;;4
MATXXAPCOUSIL;;-4
MATXXCHOREROS;;101
MATXXDOUCHBLA;;2
MATXXHUILETND;;65
MATXXMIRORRCT;;-3
MATXXMITIGINX;;1
MATXXPGAFDNOI;;12
MATXXPGAFMNOI;;-1
MATXXPGCOUCAR;;161
MATXXPGDEMNOI;;140
MATXXPGDEMROU;;178
MATXXPGFINNOI;;38
MATXXRASOI1DG;;-1
MATXXRASOI2DG;;0
MATXXRASOI2E1;;0
MATXXVAPORBRU;;-1
MATXXVAPORXXX;;49
MOBCEDALIANOI;;1
MOBCEDUTYTNOI;;5
MOBCEDUTYTTRS;;0
MOBCEDUTYTVIO;;0
MOBCEELOGYBOI;;1
MOBCEELOGYNOI;;0
MOBCEFLAVINOI;;3
MOBCEJUPITNOI;;0
MOBCELAVINNOI;;1
MOBCEMEUBLBOI;;0
MOBCEMY6CAN&B;;7
MOBCEMY6CANOI;;2
MOBCEPOSTENOI;;1
MOBCESERVPNOI;;4
MOBCESERVPTRS;;-1
MOBCESERVPVIO;;0
MOBCESURFCNOI;;1
MOBCETABLEOSC;;1
MOBCEWIZZYNOI;;12
MOBHMBARBIMAR;;0
MOBHMFAUTENOI;;3
MOBJRB9694NOI;;0
MOBJRBANQUNOI;;1
MOBJRCHARINOI;;0
MOBJRH-002ARP;;0
MOBJRM3138NOI;;0
MOBJRM8033NOI;;0
MOBJRM8233NOI;;0
MOBJRM8250NOI;;0
MOBJRTABOUNOI;;-1
MOBKMCHARIKD2;;-1
MOBKMTROLEKD1;;3
MOBLI1004-NOI;;4
MOBLI2022-NOI;;1
MOBLI2046-NOI;;-1
MOBLI2063BNOI;;2
MOBLI2063XNOI;;2
MOBLI3028BNOI;;2
MOBLI3056BNOI;;2
MOBLI5217-NOI;;2
MOBLI5310-NOI;;1
MOBLI648--NOI;;2
MOBLI6617CNOI;;7
MOBLI666A-NOI;;-2
MOBLI681--NOI;;1
MOBLI717--NOI;;1
MOBLI878C-NOI;;0
MOBLI901BXNOI;;2
MOBLIBX640NOI;;0
MOBMIACC46N&B;;0
MOBMIACC48N&B;;1
MOBMIACC49N&B;;-1
MOBMIBACCFARP;;0
MOBMIBACCFSRP;;-1
MOBMIBACSHSMP;;0
MOBMIBANQUK12;;1
MOBMIBANQUNOI;;0
MOBMIBARBI105;;4
MOBMICHARINOI;;0
MOBMIFAUTENOI;;0
MOBMIFAUTLNOI;;-3
MOBMIM2211NOI;;-2
MOBMIM2220NOI;;0
MOBMIM2225NOI;;-2
MOBMIM2236NOI;;2
MOBMIM2316BLE;;0
MOBMIM2316NOI;;2
MOBMIM527AARP;;1
MOBMIM5516NOI;;0
MOBMIM9945ROE;;0
MOBMIM9946FIX;;0
MOBMIM9949BOI;;1
MOBMITABOUDOS;;2
MOBMITABOUNOI;;-4
MOBMSC003-BOI;;0
MOBMSFAUTE002;;3
MOBMSFAUTE006;;0
MOBMSFAUTE008;;0
MOBMSMEUBLZJ8;;1
MOBMSTABOUDOS;;-5
MOBMSTABOUNOI;;0
MOBOGCHARINOI;;6
MOBOGPASSYNOI;;8
MOBXXBACCFINX;;0
MOBXXBACCFPRO;;2
MOBXXBACSHMOY;;-9
MOBXXBACSHPET;;3
MOBXXBACSVNOI;;0
MOBXXBANQUNOI;;-1
MOBXXCHARIT02;;-1
MOBXXP1863NOI;;0
MOBXXTABOUCVR;;0
MOBXXTABOUNOI;;0
OXIAC20VOL1LT;;0
OXIAC30VOL1LT;;0
OXICA10VOL1LT;;0
OXICA20VOL1LT;;0
OXICA30VOL1LT;;-3
OXIEL05VOL1LT;;25
OXIEL10VOL1LT;;1
OXIEL10VOL5LT;;4
OXIEL20VOL1LT;;19
OXIEL20VOL200;;0
OXIEL20VOL5LT;;0
OXIEL25VOL1LT;;8
OXIEL30VOL1LT;;13
OXIEL30VOL200;;4
OXIEL30VOL5LT;;4
OXIEL40VOL1LT;;8
OXIEL40VOL5LT;;12
OXIELMANAT080;;0
OXIER20VOL150;;10
OXIER30VOL150;;22
OXIERBLSAC750;;2
OXIERBLSBL750;;2
OXIHO10VOL1LT;;-2
OXIHO20VOL1LT;;4
OXIHO30VOL1LT;;-4
OXIHO40VOL1LT;;7
OXIKL10VOL150;;7
OXIKL10VOL1LT;;12
OXIKL10VOL4LT;;49
OXIKL20VOL150;;8
OXIKL20VOL1LT;;42
OXIKL20VOL4LT;;122
OXIKL30VOL150;;5
OXIKL30VOL1LT;;5
OXIKL30VOL4LT;;37
OXIKL40VOL150;;6
OXIKL40VOL1LT;;10
OXIKL40VOL4LT;;32
OXIKLSPCBL500;;23
OXIKM05VOL1LT;;2
OXIKM10VOL1LT;;16
OXIKM20VOL1LT;;6
OXIKM30VOL1LT;;20
OXIKM40VOL1LT;;12
OXIKS20VOL1LT;;-1
OXITZ10VOL4LT;;11
OXITZ20VOL1LT;;7
OXITZ20VOL4LT;;0
OXITZ30VOL1LT;;0
OXITZ30VOL4LT;;10
OXITZ40VOL1LT;;5
OXITZ40VOL4LT;;1
PABIPR;;0
PAQDPI;;0
PAQDRS;;-3
PAQEPE;;-3
PAQERO;;-7
PEICOU;;-8
PEIGNO;;-7
PEIMAE;;-26
PERACNEUTR1LT;;19
PERACPRDA0500;;14
PERACPRDA1500;;58
PERACPRDA2500;;18
PERACPRDA3500;;13
PERELN0SYS1LT;;5
PERELN1SYS1LT;;3
PERELN2SYS1LT;;7
PERELNEUTR1LT;;10
PERERMK801500;;1
PERERMK892500;;0
PERKLDIFFI300;;6
PERKLNORMA300;;6
PERKLSENSI300;;5
PERKMUTEXTKIT;;12
PERKMUWAVEKIT;;10
PRTP1G;;-1
SACELR;;-1
SERBBBARBE030;;1
SERCAREPAI050;;6
SERELAFIX1065;;15
SERELAFX00100;;35
SERELARGAN030;;22
SERELARGAN100;;30
SERELLINKD030;;23
SERELMANBO030;;12
SERELRFBRI050;;4
SERERNUTRI100;;162
SERERREPAI100;;10
SERKGABAIL100;;20
SERKGACAML100;;2
SERKGBCOCO100;;4
SERKGCCRIC100;;3
SERKGDDKAH100;;0
SERKGKGGAV100;;0
SERKGKGGMO100;;32
SERKGSVSVL100;;24
SERKGXLISS100;;2
SERKLARGSB030;;3
SERKLARGSB100;;46
SERKLKERAT080;;96
SERKLKERAT100;;408
SERKLMACAD100;;16
SERKLSEMID150;;-2
SERKMLDBEA100;;240
SERORLISSA050;;2
SERSWREPOU100;;0
SHPACCURLY300;;3
SHPACCVXBL1LT;;3
SHPACCVXBL300;;39
SHPACKERAT1LT;;0
SHPACKERAT300;;6
SHPBBBARBE150;;15
SHPBBCHAUV200;;39
SHPBBCOLORBRC;;9
SHPBBCOLORBRF;;5
SHPBBCOLORGRI;;19
SHPBBCOLORNOI;;15
SHPBBDENSE330;;15
SHPBBFRESH330;;17
SHPBBGRIS-330;;19
SHPBBSHVCR150;;5
SHPCAAMAND1LT;;0
SHPCAAMAND5LT;;0
SHPCADOUCE250;;14
SHPCAMENTH5LT;;1
SHPELARGAN250;;14
SHPELARGAN750;;4
SHPELCFPH51LT;;0
SHPELCOULE5LT;;2
SHPELDAILY300;;2
SHPELDENSE250;;14
SHPELDLCLC1LT;;37
SHPELDLCLC300;;13
SHPELGHRVS250;;0
SHPELHERBA5LT;;9
SHPELIBLON250;;10
SHPELIMGAB050;;10
SHPELIMGAB1LT;;6
SHPELIMGAB250;;13
SHPELIMGES1LT;;8
SHPELIMGES250;;13
SHPELLATTE5LT;;32
SHPELLUMCL250;;7
SHPELLUMSI200;;9
SHPELMANBW150;;4
SHPELMANSP250;;15
SHPELMANSS250;;24
SHPELMANSS750;;6
SHPELMANST250;;8
SHPELMASTM250;;9
SHPELPRIBS250;;11
SHPELPRIDL250;;6
SHPELPRIDL750;;3
SHPELPRIPU250;;5
SHPELPRIRQ1LT;;5
SHPELPRIRQ250;;12
SHPELPRIZI250;;0
SHPELREANI1LT;;1
SHPELREANI300;;11
SHPELRFBRI1LT;;6
SHPELRFBRI250;;19
SHPELRIPH6250;;0
SHPELRIPH6750;;0
SHPELSICLC1LT;;14
SHPELSICLC300;;3
SHPELSUBLI100;;11
SHPELSUBLI1LT;;7
SHPELSUBLI250;;8
SHPELSUBLI750;;0
SHPELSUNCA100;;2
SHPELULTSI1LT;;3
SHPELYESHY1LT;;10
SHPELYESHY250;;11
SHPERABHCC1LT;;0
SHPERAYURV250;;18
SHPERBIOME1LT;;10
SHPERBIOME250;;20
SHPERBPW121LT;;23
SHPERBPW12250;;14
SHPERBSSMT1LT;;21
SHPERBSSMT250;;54
SHPERCOLCA1LT;;3
SHPERCOLCA225;;11
SHPERCOLCA250;;0
SHPERCURLS1LT;;10
SHPERCURLS250;;17
SHPERDETOA1LT;;20
SHPERDETOA250;;6
SHPERDETOX1LT;;23
SHPERKERAT1LT;;8
SHPERKERAT250;;32
SHPERNUTRI1LT;;20
SHPERNUTRI250;;7
SHPERNUTRI500;;6
SHPERREPAI250;;19
SHPERSEC--150;;5
SHPERSILVR1LT;;9
SHPERSILVR250;;27
SHPERVOLUM250;;27
SHPERWHITE250;;0
SHPERZ12BL250;;12
SHPERZ12PU1LT;;6
SHPERZ12PU250;;23
SHPERZ12RV250;;11
SHPEVHYDRA250;;-84
SHPEVHYDRA500;;3
SHPKGACAML500;;7
SHPKGBCOCO250;;0
SHPKGBCOCO500;;0
SHPKGCCRIC500;;7
SHPKGDDKAH1LT;;11
SHPKGDDKAH250;;0
SHPKGDDKAH500;;5
SHPKGKGGAV500;;9
SHPKGKGGMO500;;23
SHPKGXLISS500;;2
SHPKLAFLAF250;;6
SHPKLALOEV4LT;;11
SHPKLAMAND4LT;;7
SHPKLARGSB500;;11
SHPKLBAMBO1LT;;11
SHPKLBAMBO4LT;;13
SHPKLCINQK1LT;;12
SHPKLCINQK300;;22
SHPKLDRYDM1LT;;8
SHPKLDRYDM300;;23
SHPKLHONEY4LT;;10
SHPKLKERAT150;;0
SHPKLKERAT1LT;;6
SHPKLKERAT250;;20
SHPKLMACAD1LT;;11
SHPKLMILKA200;;2
SHPKLMILKO250;;14
SHPKLPOSTC1LT;;15
SHPKLPROFE10L;;3
SHPKLSENJC250;;0
SHPKLSENJV250;;1
SHPKLSILVR1LT;;27
SHPKLSILVR250;;28
SHPKLSPCBL300;;9
SHPKMANTIC1LT;;0
SHPKMANTIC250;;0
SHPKMBENES1LT;;0
SHPKMBENES250;;0
SHPKMCURLY250;;-13
SHPKMDISCI1LT;;0
SHPKMDISCI250;;0
SHPKMDISII1LT;;0
SHPKMGELDO250;;20
SHPKMLDCOL250;;0
SHPKMNOURI1LT;;2
SHPKMNOURI250;;0
SHPKMNUTRZ1LT;;0
SHPKMNUTRZ250;;0
SHPKMPUREZ1LT;;0
SHPKMPUREZ250;;0
SHPKMRECON1LT;;0
SHPKMRECON250;;0
SHPKMSCOLH1LT;;5
SHPKMSCOLH350;;1
SHPKMSDMGH1LT;;3
SHPKMSDMGH350;;10
SHPKMSEC--200;;3
SHPKMSFRZH1LT;;16
SHPKMSFRZH350;;108
SHPKMSHALO250;;13
SHPKMSILVR250;;-4
SHPKMUSETA200;;0
SHPKMVOLUM1LT;;0
SHPKRNEUTR1LT;;8
SHPMONEUTR1LT;;51
SHPOPARGAN200;;5
SHPOPINCAR200;;7
SHPOPSILKM100;;27
SHPOPSILKM200;;50
SHPOPSUNCH200;;24
SHPOTCOCON1LT;;16
SHPOTCOCON5LT;;4
SHPOTSEAES1LT;;14
SHPOTSEAES5LT;;0
SHPOTTROPI1LT;;22
SHPOTTROPI5LT;;0
SHPSFNEUTR1LT;;5
SHPSSCOLBL360;;4
SHPSSCOLSV360;;0
SHPSSCOLWH360;;0
SOIACAGUAM200;;0
SOIACBIFAS300;;0
SOIACKERAT1LT;;1
SOIACKERAT300;;0
SOIACLISBR120;;24
SOIACMOUSF300;;46
SOIACMOUSN300;;21
SOIACPROTH200;;-1
SOIAPNOBRK250;;0
SOIBBANTIC200;;-16
SOIBBCHAUV200;;20
SOICASUBLI250;;8
SOIDUARGAN200;;296
SOIELAMPBV250;;0
SOIELGHRVS100;;0
SOIELIMGABKIT;;6
SOIELIMGES150;;12
SOIELIMGOM150;;11
SOIELIMPHY150;;4
SOIELIMTIS028;;3
SOIELMANSP007;;1
SOIELMASTM007;;13
SOIELPRBDE750;;4
SOIELPRIAM008;;4
SOIELPRIAM248;;5
SOIELPRIAZ007;;10
SOIELPRIBS750;;7
SOIELPRIBV250;;1
SOIELPRIBV750;;3
SOIELPRICA250;;0
SOIELPRICA750;;3
SOIELPRICO200;;21
SOIELPRIDE150;;0
SOIELPRIDEKIT;;14
SOIELPRIPU100;;13
SOIELPRIRQ200;;13
SOIELPRPUR250;;1
SOIELPRPUR750;;0
SOIELRFBRI010;;3
SOIELRFBRI250;;5
SOIELSCLPC250;;22
SOIELSICLC1LT;;4
SOIELSICLC300;;9
SOIELSIMOU200;;4
SOIELSINBI100;;10
SOIELSINBI150;;10
SOIELSINBI250;;4
SOIELSINBI250;;0
SOIELSINBI750;;5
SOIELSKCLC100;;22
SOIELSUNCA150;;2
SOIELTANGN120;;11
SOIELTANGO120;;0
SOIELVCCLC300;;4
SOIELYESCR150;;30
SOIERAYURV100;;11
SOIERBIOME100;;7
SOIERBPW01500;;0
SOIERBPW02500;;0
SOIERBPW11200;;20
SOIERBPWXXKIT;;1
SOIERBSSMT1LT;;19
SOIERBSSMT200;;48
SOIERCURLS150;;5
SOIEREMOUS300;;49
SOIERHYALU100;;11
SOIERKERAT050;;12
SOIERKERAT100;;7
SOIERKERAT1LT;;12
SOIERMKM50300;;6
SOIERREPAI100;;2
SOIERSKCLC150;;1
SOIERVOLUM150;;16
SOIERZ18BL100;;5
SOIERZ18PU008;;10
SOIERZ18PU100;;5
SOIERZ18RV008;;-2
SOIERZ18RV100;;8
SOIERZ19RV200;;1
SOIERZPSERKIT;;1
SOIERZPSETKIT;;2
SOIERZRSETKIT;;0
SOIEVHYDRA250;;1
SOIEVHYDRA500;;0
SOIKGPREMI120;;17
SOIKGTANINKIT;;2
SOIKLAFLAF1LT;;2
SOIKLAFROM500;;109
SOIKLAFROS500;;44
SOIKLGOLD-010;;6
SOIKLGOLD-100;;0
SOIKLKERAT100;;4
SOIKLKERATKIT;;17
SOIKLMACADKIT;;12
SOIKLSEMID080;;24
SOIKLSEMIDKIT;;8
SOIKLSENJA008;;0
SOIKLSENJA100;;1
SOIKLSPCBL100;;0
SOIKMANTIC006;;0
SOIKMANTIC100;;0
SOIKMCUTES500;;0
SOIKMDISCI125;;0
SOIKMDISII030;;0
SOIKMDISII125;;-2
SOIKMMOUSE250;;32
SOIKMNOURI125;;-2
SOIKMRECON030;;0
SOIKMRECON125;;0
SOIKMREEQI200;;119
SOIKMSDMGL250;;11
SOIKMSDMGT250;;6
SOIKMSHALO006;;45
SOIKMSHALO060;;1
SOIKMSHALO150;;0
SOIKMSHALO460;;3
SOIKMSILVR050;;-4
SOIKMSMOUS250;;0
SOIORLISSA150;;0
SOIORVAPOA150;;1
SOISWANTIC150;;3
SOISWJOJOB250;;0
SOISWOLIVO100;;3